{
    "accuracy": 0.4303797483444214,
    "accuracy_top_3": 0.8143460154533386,
    "accuracy_top_5": 0.9282700419425964,
    "accuracy_top_10": 0.9789029359817505,
    "loss": 1.712671160697937
}