{
    "accuracy": 0.472573846578598,
    "accuracy_top_3": 0.8016877770423889,
    "accuracy_top_5": 0.9367088675498962,
    "accuracy_top_10": 0.9831223487854004,
    "loss": 1.6196534633636475
}