{
    "accuracy_top_5": 1.0, 
    "accuracy": 0.8666666746139526, 
    "loss": 0.5414436459541321, 
    "accuracy_top_10": 1.0, 
    "accuracy_top_3": 1.0
}